{"cameraMode":{"drawMode":0,"name":"Shaded","section":"Shading Mode"},"sceneLighting":true,"audioPlay":false,"sceneViewState":{"showFog":true,"showMaterialUpdate":false,"showSkybox":true,"showFlares":true,"showImageEffects":true,"showParticleSystems":true},"in2DMode":false,"pivot":{"x":0.0,"y":0.7599999904632568,"z":10.699999809265137},"rotation":{"x":0.0024347230792045595,"y":0.972693145275116,"z":-0.23185749351978303,"w":0.010213673114776612},"size":27.022974014282228,"orthographic":true}